[
    {
        "name": "Church of 8 Wheels",
        "price_hourly": 200,
        "address": {
            "state": "CA"
        }
    },
    {
        "name": "Sweetgreen",
        "price_hourly": 500,
        "address": {
            "state": "CA"
        }
    },
    {
        "name": "Tempe Beach Park",
        "price_hourly": 150,
        "address": {
            "state": "AZ"
        }
    },
    {
        "name": "Sandwiches n More",
        "price_hourly": 300,
        "address": {
            "state": "CA"
        }
    },
    {
        "name": "AirGarage HQ",
        "price_hourly": 100,
        "daily_max": 800,
        "address": {
            "address_line1": "1112 Bryant St",
            "address_line2": "",
            "city": "SF",
            "state": "CA",
            "zipcode": "94103",
            "country": "US"
        },
        "daily_min": null,
        "streetview_url": null,
        "spaceforce_multiplier": 1,
        "validation_hours": 2,
        "organization": 5,
        "pk": 5
    },
    {
        "name": "Safeway",
        "price_hourly": 200,
        "daily_max": 1200,
        "address": {
            "address_line1": "999 Grocery St",
            "address_line2": "",
            "city": "Tempe",
            "state": "AZ",
            "zipcode": "85281",
            "country": "US"
        },
        "daily_min": null,
        "streetview_url": null,
        "spaceforce_multiplier": 1,
        "validation_hours": 2,
        "organization": 6,
        "pk": 6
    },
    {
        "name": "Walgreens",
        "price_hourly": 200,
        "daily_max": 1200,
        "address": {
            "address_line1": "808 Fell St",
            "address_line2": "",
            "city": "SF",
            "state": "CA",
            "zipcode": "94103",
            "country": "US"
        },
        "daily_min": null,
        "streetview_url": null,
        "spaceforce_multiplier": 1,
        "validation_hours": 2,
        "organization": 7,
        "pk": 7
    },
    {
        "name": "Goldilocks Pizza",
        "price_hourly": 200,
        "daily_max": 1200,
        "address": {
            "address_line1": "9392 Glout St",
            "address_line2": "",
            "city": "New York City",
            "state": "NY",
            "zipcode": "10001",
            "country": "US"
        },
        "daily_min": null,
        "streetview_url": null,
        "spaceforce_multiplier": 1,
        "validation_hours": 2,
        "organization": 8,
        "pk": 8
    },
    {
        "name": "The Salon",
        "price_hourly": 200,
        "daily_max": 1200,
        "address": {
            "address_line1": "343 Locks St",
            "address_line2": "",
            "city": "SF",
            "state": "CA",
            "zipcode": "94103",
            "country": "US"
        },
        "daily_min": null,
        "streetview_url": null,
        "spaceforce_multiplier": 1,
        "validation_hours": 2,
        "organization": 9,
        "pk": 9
    },
    {
        "name": "Archer Salon",
        "price_hourly": 200,
        "daily_max": 1200,
        "address": {
            "address_line1": "33 Grant Ave",
            "address_line2": "",
            "city": "SF",
            "state": "CA",
            "zipcode": "94103",
            "country": "US"
        },
        "daily_min": null,
        "streetview_url": null,
        "spaceforce_multiplier": 1,
        "validation_hours": 2,
        "organization": 10,
        "pk": 10
    },
    {
        "name": "Azusa Ramen",
        "price_hourly": 800,
        "daily_max": 2400,
        "address": {
            "address_line1": "3128 South Mill Ave",
            "address_line2": "",
            "city": "Tempe",
            "state": "AZ",
            "zipcode": "85282",
            "country": "US"
        },
        "daily_min": null,
        "streetview_url": null,
        "spaceforce_multiplier": 1,
        "validation_hours": 2,
        "organization": 11,
        "pk": 1
    }
]